{"loss": [6.835119878098904, 5.968049381441251, 5.748780732595953, 5.644461461382891, 5.40211712038179, 5.262214781603122, 5.050904199039893, 4.844697933276943, 4.6557512627037525, 4.4780745291800095, 4.332651460452049, 4.201121523553915, 4.097278593935279, 4.019934529329694, 3.948667722215345, 3.8970442424041414, 3.8396949262892597, 3.7906941180051468, 3.7461816136065735, 3.6996556913619925, 3.67285718910081, 3.6289833915816643, 3.60271938529021, 3.5720861796712158, 3.5386206219816643, 3.5219172909558814, 3.496914867513758, 3.485581309707975, 3.4557153514491765, 3.441332004504149], "val_loss": [6.548732792611, 6.549809980589025, 6.830251107125362, 7.142188740393013, 7.34317785282767, 7.535885114658637, 7.698121029897843, 8.008252150460693, 8.022569763247272, 8.325480555716322, 8.563240040931467, 8.475295869077009, 8.487501123102088, 8.652526400982197, 8.831564215122759, 8.589422366171249, 8.57332094811721, 8.71329909561548, 8.85466271460199, 8.791190419392922, 8.684026957808017, 8.834065416640765, 8.710572770851746, 8.766986102437578, 8.971497796535418, 8.780196711006186, 8.728807826073481, 8.825332288020343, 8.904509882519486, 8.87578451552763]}